name,start,end
John Doe,08:00,16:00
Jane Smith,08:30,16:30
Michael Johnson,09:00,17:00
Emily Davis,09:30,17:30
David Wilson,10:00,18:00
Sarah Anderson,10:30,18:30
Robert Taylor,11:00,19:00
Olivia Martinez,11:30,19:30
Daniel Harris,12:00,20:00
Sophia Thompson,12:30,20:30
James Robinson,13:00,21:00
Emma Walker,13:30,21:30
William White,14:00,22:00
Ava Green,14:30,22:00
Liam Brown,15:00,22:00
Mia Davis,08:00,16:00
John Doe,08:30,16:30
Jane Smith,09:00,17:00
Michael Johnson,09:30,17:30
Emily Davis,10:00,18:00
David Wilson,10:30,18:30
Sarah Anderson,11:00,19:00
Robert Taylor,11:30,19:30
Olivia Martinez,12:00,20:00
Daniel Harris,12:30,20:30
Sophia Thompson,13:00,21:00
James Robinson,13:30,21:30
Emma Walker,14:00,22:00
William White,14:30,22:00
Ava Green,15:00,22:00
